metrics/mAP50,metrics/mAP50-95,metrics/precision,metrics/recall
0.9385444167803958,0.6268608573251666,0.957736946036544,0.8743169398907104
